City_ID,City,Country,Lat,Lng,Max Temp,Humidity,Cloudiness,Wind Speed,Current Description
0,Hasaki,JP,35.7333,140.8333,46.0,49,20,13.8,few clouds
1,Melendugno,IT,40.2747,18.3368,57.0,93,0,2.3,clear sky
2,Vardo,NO,70.3705,31.1107,33.8,69,20,13.8,few clouds
3,Ponta Do Sol,PT,32.6667,-17.1,59.0,86,54,5.01,broken clouds
4,Arraial Do Cabo,BR,-22.9661,-42.0278,77.0,88,0,6.91,clear sky
5,Matara,LK,5.9485,80.5353,77.25,88,21,2.89,few clouds
6,Atuona,PF,-9.8,-139.0333,79.86,73,47,14.85,scattered clouds
7,Kuala Lumpur,MY,3.1431,101.6865,78.8,89,20,2.19,few clouds
8,Kapaa,US,22.0752,-159.319,80.6,61,40,16.11,scattered clouds
9,Lebu,CL,-37.6167,-73.65,58.5,81,0,11.86,clear sky
10,Severo-Kurilsk,RU,50.6789,156.125,32.02,97,100,11.59,snow
11,Kavaratti,IN,10.5669,72.642,83.8,71,1,6.6,clear sky
12,Rivers,CA,50.0308,-100.2403,41.0,70,90,9.22,light rain
13,Port Lavaca,US,28.615,-96.6261,80.01,65,1,16.11,clear sky
14,Ahipara,NZ,-35.1667,173.1667,61.25,79,72,8.23,light rain
15,Vila Velha,BR,-20.3297,-40.2925,80.6,74,40,5.75,scattered clouds
16,Stanghelle,NO,60.5528,5.7357,41.0,65,75,4.61,broken clouds
17,Jalu,LY,29.0331,21.5482,65.19,62,0,13.87,clear sky
18,Caravelas,BR,-17.7125,-39.2481,76.96,79,6,7.4,clear sky
19,Cody,US,44.5263,-109.0565,63.0,29,90,6.91,overcast clouds
20,Ilulissat,GL,69.2167,-51.1,51.8,40,20,17.27,few clouds
21,Dragor,DK,55.5946,12.6664,41.0,56,20,9.22,few clouds
22,Ostrovnoy,RU,68.0531,39.5131,33.46,98,100,20.87,light snow
23,Port Hardy,CA,50.6996,-127.4199,50.0,87,90,6.91,light rain
24,Nyurba,RU,63.2842,118.3319,31.96,98,100,4.88,overcast clouds
25,Puerto Ayora,EC,-0.7393,-90.3518,82.4,74,20,13.8,few clouds
26,Narsaq,GL,60.9167,-46.05,50.0,32,75,25.32,broken clouds
27,Jamestown,US,42.097,-79.2353,44.01,75,90,14.97,overcast clouds
28,Nishihara,JP,26.1842,127.7558,66.2,88,20,3.44,few clouds
29,Rikitea,PF,-23.1203,-134.9692,78.04,74,100,8.01,overcast clouds
30,Jawhar,SO,2.7809,45.5005,80.62,77,68,8.34,broken clouds
31,Manaure,CO,11.7751,-72.4445,88.38,53,19,17.96,few clouds
32,Vallenar,CL,-28.5708,-70.7581,74.12,43,0,7.05,clear sky
33,Torbay,CA,47.6666,-52.7314,51.8,40,20,19.57,few clouds
34,Dillon,US,34.4166,-79.3712,75.99,43,75,10.36,broken clouds
35,Banda Aceh,ID,5.5577,95.3222,79.81,76,92,6.6,overcast clouds
36,Mananara,MG,-16.1667,49.7667,72.09,94,89,4.5,overcast clouds
37,Tutoia,BR,-2.7619,-42.2744,79.59,83,70,8.21,broken clouds
38,Zemio,CF,5.0314,25.1361,68.22,98,99,2.1,overcast clouds
39,Yellowknife,CA,62.456,-114.3525,12.0,66,90,10.36,light snow
40,Port Alfred,ZA,-33.5906,26.891,70.5,62,100,13.09,overcast clouds
41,Hilo,US,19.7297,-155.09,78.8,65,90,9.22,light rain
42,Kousseri,CM,12.0769,15.0306,93.2,21,100,6.91,overcast clouds
43,Bengkulu,ID,-3.8004,102.2655,75.54,89,66,4.54,broken clouds
44,Avarua,CK,-21.2078,-159.775,80.6,83,75,10.36,light rain
45,Gat,IL,31.61,34.7642,73.99,34,0,1.01,clear sky
46,Bredasdorp,ZA,-34.5322,20.0403,53.6,94,100,1.74,overcast clouds
47,Akhmeta,GE,42.0311,45.2075,60.8,82,40,8.05,scattered clouds
48,Zaysan,KZ,47.4667,84.8667,35.71,43,5,4.43,clear sky
49,Cherskiy,RU,68.75,161.3,10.65,90,97,4.92,overcast clouds
50,Toora-Khem,RU,52.4675,96.11,24.53,86,64,3.71,broken clouds
51,Kuopio,FI,62.8924,27.677,35.6,100,90,6.91,overcast clouds
52,Pevek,RU,69.7008,170.3133,20.35,91,100,11.59,light snow
53,Khatanga,RU,71.9667,102.5,3.81,90,85,13.18,overcast clouds
54,Ushuaia,AR,-54.8,-68.3,51.8,66,40,14.97,scattered clouds
55,Katangli,RU,51.7102,143.2326,25.57,69,9,2.62,clear sky
56,Mbanza-Ngungu,CD,-5.25,14.8667,70.56,91,98,1.3,overcast clouds
57,Dikson,RU,73.5069,80.5464,16.45,91,100,11.34,overcast clouds
58,San Cristobal,VE,7.7669,-72.225,87.8,62,40,12.66,scattered clouds
59,Punta Arenas,CL,-53.15,-70.9167,57.2,62,75,19.57,light rain
60,Qaanaaq,GL,77.484,-69.3632,30.96,75,21,4.85,few clouds
61,Shenjiamen,CN,29.9576,122.298,59.27,78,26,6.51,scattered clouds
62,Hermanus,ZA,-34.4187,19.2345,62.01,88,100,4.0,overcast clouds
63,Linjiang,CN,41.8069,126.9078,38.66,45,92,2.48,overcast clouds
64,Pangnirtung,CA,66.1451,-65.7125,32.0,86,90,3.44,overcast clouds
65,Airai,TL,-8.9266,125.4092,54.72,83,25,1.86,scattered clouds
66,Udachnyy,RU,66.4167,112.4,7.14,91,100,24.38,overcast clouds
67,Rocha,UY,-34.4833,-54.3333,61.14,79,56,11.65,broken clouds
68,Saint-Leu,RE,-21.15,55.2833,78.8,69,20,23.02,few clouds
69,Srednekolymsk,RU,67.45,153.6833,14.59,83,25,5.91,scattered clouds
70,Hamilton,US,39.1834,-84.5333,64.4,29,1,10.36,clear sky
71,Barrow,US,71.2906,-156.7887,15.8,92,1,18.41,clear sky
72,Salta,AR,-24.7859,-65.4117,64.4,68,75,5.75,broken clouds
73,Kaitangata,NZ,-46.2817,169.8464,42.01,73,84,1.01,broken clouds
74,Jumla,NP,29.2747,82.1838,45.72,46,0,4.29,clear sky
75,Belmonte,BR,-15.8631,-38.8828,78.8,78,20,10.36,few clouds
76,Anton Lizardo,MX,19.05,-95.9833,86.0,66,20,16.11,few clouds
77,Broome,US,42.2506,-75.833,55.99,58,75,14.97,broken clouds
78,Tazovskiy,RU,67.4667,78.7,7.14,94,46,8.21,scattered clouds
79,Coquimbo,CL,-29.9533,-71.3436,60.8,77,0,11.5,clear sky
80,Busselton,AU,-33.65,115.3333,52.0,98,100,4.85,overcast clouds
81,Ribeira Grande,PT,38.5167,-28.7,62.6,67,20,3.44,few clouds
82,Mataura,NZ,-46.1927,168.8643,46.0,80,66,13.0,broken clouds
83,Ahuimanu,US,21.4447,-157.8378,82.4,65,75,13.8,broken clouds
84,Aykhal,RU,66.0,111.5,4.95,94,100,25.19,overcast clouds
85,Adre,TD,13.4667,22.2,82.9,31,85,4.61,overcast clouds
86,Fatehpur,IN,25.9333,80.8,81.39,11,19,3.89,few clouds
87,Hobart,AU,-42.8794,147.3294,57.2,58,75,4.61,broken clouds
88,Port Keats,AU,-14.25,129.55,74.35,43,100,5.59,overcast clouds
89,Pisco,PE,-13.7,-76.2167,69.01,88,20,11.5,few clouds
90,Miramar,US,25.9873,-80.2323,93.0,43,75,13.8,broken clouds
91,Albany,US,42.6001,-73.9662,57.99,46,88,3.0,overcast clouds
92,Moose Factory,CA,51.2585,-80.6094,30.2,51,20,16.11,few clouds
93,Grand Gaube,MU,-20.0064,57.6608,77.0,83,100,5.99,overcast clouds
94,Sungaipenuh,ID,-2.0833,101.3833,63.73,96,69,2.64,broken clouds
95,Wismar,DE,53.9,11.4667,41.0,56,5,3.0,clear sky
96,Wagar,SD,16.1525,36.2032,88.56,36,0,9.95,clear sky
97,Castro,BR,-24.7911,-50.0119,60.48,88,85,3.87,overcast clouds
98,Luderitz,NA,-26.6481,15.1594,61.93,90,93,3.18,overcast clouds
99,Riyadh,SA,24.6877,46.7219,82.4,20,0,3.44,clear sky
100,Kemijarvi,FI,66.7131,27.4306,29.43,90,100,11.88,overcast clouds
101,Mar Del Plata,AR,-38.0023,-57.5575,63.0,67,40,11.5,scattered clouds
102,Butaritari,KI,3.0707,172.7902,82.6,75,16,12.39,few clouds
103,Almaznyy,RU,48.0448,40.045,46.4,49,0,4.47,clear sky
104,Lata,PT,40.1629,-8.3327,59.0,89,99,3.38,overcast clouds
105,Nuuk,GL,64.1835,-51.7216,42.8,75,75,2.53,broken clouds
106,Faya,SA,18.3851,42.4509,62.6,72,40,10.45,light rain
107,Leh,IN,34.1667,77.5833,32.02,34,7,2.15,clear sky
108,Klaksvik,FO,62.2266,-6.589,44.6,100,100,10.36,overcast clouds
109,Saint George,US,37.1041,-113.5841,80.6,11,1,33.38,clear sky
110,Kodiak,US,57.79,-152.4072,42.8,75,90,9.22,overcast clouds
111,Bahia Blanca,AR,-38.7196,-62.2724,62.62,52,0,5.68,clear sky
112,Erenhot,CN,43.6475,111.9767,52.95,40,66,24.67,broken clouds
113,Lagoa,PT,39.05,-27.9833,59.23,81,99,13.38,overcast clouds
114,Fukue,JP,32.6881,128.8419,58.78,59,85,29.55,overcast clouds
115,Bluff,NZ,-46.6,168.3333,46.0,80,76,13.0,broken clouds
116,Victoria,HK,22.2855,114.1577,73.0,85,100,1.01,overcast clouds
117,Tasiilaq,GL,65.6145,-37.6368,37.4,81,75,19.57,light rain
118,Laguna,US,38.421,-121.4238,62.6,72,90,12.66,light rain
119,Upernavik,GL,72.7868,-56.1549,36.01,83,22,5.19,few clouds
120,Annau,TM,37.8876,58.516,68.0,45,0,4.61,clear sky
121,Shizunai,JP,42.3339,142.3669,34.88,77,46,4.79,scattered clouds
122,Cortez,US,37.3489,-108.5859,75.2,10,1,12.66,clear sky
123,Hithadhoo,MV,-0.6,73.0833,82.31,69,99,4.7,overcast clouds
124,Maamba,ZM,-17.3667,27.15,72.14,53,87,3.69,overcast clouds
125,Lavrentiya,RU,65.5833,-171.0,29.88,84,94,1.72,overcast clouds
126,Camana,PE,-16.6228,-72.7111,70.14,75,59,9.15,broken clouds
127,Leningradskiy,RU,69.3833,178.4167,23.09,85,100,2.33,overcast clouds
128,Kuryk,KZ,43.2,51.65,58.08,66,23,5.03,few clouds
129,Chokurdakh,RU,70.6333,147.9167,20.05,94,100,14.09,light snow
130,Sao Filipe,CV,14.8961,-24.4956,72.91,70,68,10.96,broken clouds
131,Tevriz,RU,57.509,72.4042,44.31,55,100,9.28,overcast clouds
132,Mareeba,AU,-17.0,145.4333,75.2,94,90,8.05,overcast clouds
133,Puerto Madryn,AR,-42.7692,-65.0385,63.95,52,69,21.12,broken clouds
134,Salalah,OM,17.0151,54.0924,84.2,70,40,8.05,scattered clouds
135,Riverton,US,40.5219,-111.9391,61.0,54,1,5.75,clear sky
136,Sao Joao Da Barra,BR,-21.6403,-41.0511,78.8,73,0,9.22,clear sky
137,Vaini,TO,-21.2,-175.2,75.2,100,75,5.75,light rain
138,Krasnoselkup,RU,65.7,82.4667,14.79,91,25,5.3,scattered clouds
139,Ambanja,MG,-13.6833,48.45,73.56,91,94,2.86,overcast clouds
140,Sao Raimundo Das Mangabeiras,BR,-7.0219,-45.4811,77.36,84,99,2.17,overcast clouds
141,Staryy Krym,UA,45.0333,35.1,40.95,53,100,4.27,overcast clouds
142,Pitimbu,BR,-7.4706,-34.8086,78.8,89,0,9.22,clear sky
143,Cabo San Lucas,MX,22.8909,-109.9124,82.99,32,90,5.75,overcast clouds
144,Bambous Virieux,MU,-20.3428,57.7575,77.0,94,75,12.66,light rain
145,Tura,IN,25.5198,90.2201,76.51,28,2,3.06,clear sky
146,Songjianghe,CN,42.1859,127.479,35.17,43,100,4.0,overcast clouds
147,Husavik,IS,66.0449,-17.3389,37.4,93,90,14.97,overcast clouds
148,Provideniya,RU,64.3833,-173.3,35.6,69,0,4.47,clear sky
149,Ciudad Bolivar,VE,8.1222,-63.5497,92.35,40,82,15.61,broken clouds
150,Zhongxing,CN,33.7039,118.6792,55.33,91,100,9.44,overcast clouds
151,Quechultenango,MX,17.4167,-99.2167,93.07,32,100,11.01,overcast clouds
152,Deputatskiy,RU,69.3,139.9,19.72,92,100,4.34,overcast clouds
153,Yar-Sale,RU,66.8333,70.8333,33.4,90,100,12.21,overcast clouds
154,Dubna,RU,56.7333,37.1667,34.57,79,99,11.05,overcast clouds
155,Rawson,AR,-43.3002,-65.1023,64.8,47,73,22.08,broken clouds
156,Montgomery,US,39.1501,-77.1997,66.0,48,90,17.27,overcast clouds
157,Kahului,US,20.8947,-156.47,82.4,61,40,24.16,scattered clouds
158,Morehead,US,37.2711,-87.1764,68.0,42,1,4.61,clear sky
159,East London,ZA,-33.0153,27.9116,68.02,73,100,10.27,overcast clouds
160,Bethel,US,41.3712,-73.414,55.99,76,100,8.39,overcast clouds
161,Katima Mulilo,NA,-17.5,24.2667,60.98,83,33,5.55,scattered clouds
162,Ituporanga,BR,-27.4144,-49.6025,73.0,93,53,5.99,broken clouds
163,Cape Town,ZA,-33.9258,18.4232,62.01,94,20,8.05,few clouds
164,Fairbanks,US,64.8378,-147.7164,57.2,32,1,0.85,clear sky
165,Kieta,PG,-6.2167,155.6333,80.4,74,81,1.48,broken clouds
166,Derzhavinsk,KZ,51.1,66.3167,49.35,78,49,11.03,scattered clouds
167,Semey,KZ,50.4111,80.2275,42.12,47,91,9.44,overcast clouds
168,Mahon,ES,39.8885,4.2658,59.0,82,0,12.66,clear sky
169,Chicama,PE,-7.8447,-79.1469,66.2,82,0,14.97,clear sky
170,Lompoc,US,34.6391,-120.4579,59.0,67,100,12.66,overcast clouds
171,Pochutla,MX,15.7432,-96.4661,89.01,62,90,11.5,overcast clouds
172,Saskylakh,RU,71.9167,114.0833,18.72,94,100,19.42,light snow
173,Kingston,JM,17.997,-76.7936,82.99,74,75,11.5,broken clouds
174,Arlit,NE,18.7369,7.3853,93.79,9,78,8.19,broken clouds
175,High Level,CA,58.5169,-117.136,41.0,48,90,4.61,overcast clouds
176,Nizwa,OM,22.9333,57.5333,79.41,23,50,3.02,scattered clouds
177,Pacific Grove,US,36.6177,-121.9166,60.8,59,90,5.75,overcast clouds
178,Christchurch,NZ,-43.5333,172.6333,48.0,93,67,4.61,broken clouds
179,Iquique,CL,-20.2208,-70.1431,69.8,56,0,19.57,clear sky
180,Carnarvon,AU,-24.8667,113.6333,60.8,77,0,4.61,clear sky
181,Clyde River,CA,70.4692,-68.5914,21.2,100,90,25.32,mist
182,Sitka,US,57.0531,-135.33,57.2,33,20,3.44,few clouds
183,Port Shepstone,ZA,-30.7414,30.455,67.33,84,2,4.56,clear sky
184,Westport,US,41.1415,-73.3579,57.2,62,90,10.36,overcast clouds
185,Estelle,US,29.8458,-90.1067,78.01,50,1,5.75,clear sky
186,Belyy Yar,RU,53.6039,91.3903,35.6,69,0,4.47,clear sky
187,Quzhou,CN,28.9594,118.8686,61.84,94,98,4.72,overcast clouds
188,Ashqelon,IL,31.6693,34.5715,73.99,53,0,2.3,clear sky
189,Kota Bahru,MY,6.1333,102.2386,77.0,94,20,2.3,few clouds
190,Kirensk,RU,57.7853,108.1119,29.23,93,100,5.41,overcast clouds
191,Ridgetown,CA,42.4334,-81.8998,51.8,43,1,11.5,clear sky
192,Turukhansk,RU,65.8167,87.9833,4.17,97,25,5.3,scattered clouds
193,Padang,ID,-0.9492,100.3543,77.49,85,87,3.74,overcast clouds
194,Atherton,GB,53.5237,-2.4935,50.0,62,5,1.01,clear sky
195,Canavieiras,BR,-15.675,-38.9472,76.93,80,2,6.26,clear sky
196,Sioux Lookout,CA,50.1001,-91.917,46.4,25,75,9.22,broken clouds
197,Salinopolis,BR,-0.6136,-47.3561,80.33,82,53,8.46,broken clouds
198,Warrnambool,AU,-38.3833,142.4833,52.0,96,100,6.17,overcast clouds
199,Ullal,IN,12.8,74.85,82.4,74,75,3.44,moderate rain
200,Staryy Nadym,RU,65.6118,72.6842,33.1,98,100,13.65,overcast clouds
201,Thompson,CA,55.7435,-97.8558,39.2,35,75,10.36,broken clouds
202,Dabola,GN,10.75,-11.1167,88.66,32,77,10.25,broken clouds
203,Haines Junction,CA,60.7522,-137.5108,50.0,27,0,4.61,clear sky
204,Galesburg,US,40.9478,-90.3712,60.01,26,40,8.05,scattered clouds
205,Chuy,UY,-33.6971,-53.4616,62.65,80,98,13.85,overcast clouds
206,Longyearbyen,SJ,78.2186,15.6401,19.4,58,40,11.5,scattered clouds
207,Walvis Bay,NA,-22.9575,14.5053,62.01,82,15,3.44,few clouds
208,Okhotsk,RU,59.3833,143.3,17.11,70,0,10.36,clear sky
209,Nanortalik,GL,60.1432,-45.2371,41.41,77,100,13.58,overcast clouds
210,Takoradi,GH,4.8845,-1.7554,80.98,83,69,6.55,broken clouds
211,Charlestown,AU,-32.95,151.6667,55.99,95,24,4.05,few clouds
212,Charters Towers,AU,-20.1,146.2667,67.91,87,99,8.86,overcast clouds
213,Hobyo,SO,5.3505,48.5268,83.98,64,56,10.18,broken clouds
214,Tabas,IR,33.5959,56.9244,80.47,18,100,4.99,overcast clouds
215,Gibara,CU,21.1097,-76.1317,87.8,51,75,16.11,broken clouds
216,San Luis,AR,-33.295,-66.3356,68.07,48,12,1.34,few clouds
217,New Norfolk,AU,-42.7826,147.0587,55.0,76,97,5.01,overcast clouds
218,Mayuge,UG,0.4597,33.4803,64.89,88,100,1.41,light rain
219,Lugazi,UG,0.3772,32.9197,68.0,94,20,2.3,few clouds
220,Fortuna,US,40.5982,-124.1573,55.0,93,75,8.05,broken clouds
221,Silanga,PH,11.8181,124.8431,75.7,89,46,5.23,scattered clouds
222,Constitucion,CL,-35.3333,-72.4167,63.52,66,3,13.73,clear sky
223,Mattru,SL,7.6244,-11.8332,79.88,80,90,1.72,light rain
224,Vila Franca Do Campo,PT,37.7167,-25.4333,59.0,77,75,12.66,broken clouds
225,Ikeda,JP,34.8221,135.4298,48.2,61,75,3.44,broken clouds
226,Atambua,ID,-9.1061,124.8925,68.81,83,17,5.26,few clouds
227,Eyl,SO,7.9803,49.8164,82.94,74,52,7.63,broken clouds
228,Geraldton,AU,-28.7667,114.6,62.6,59,0,8.05,clear sky
229,Iqaluit,CA,63.7506,-68.5145,33.8,80,90,3.44,overcast clouds
230,Umtata,ZA,-31.5889,28.7844,58.05,49,72,3.76,broken clouds
231,Naryan-Mar,RU,67.6713,53.087,38.19,90,100,7.56,overcast clouds
232,Tanout,NE,14.9709,8.8879,89.47,14,100,10.33,overcast clouds
233,Ocos,GT,14.5094,-92.1933,91.4,58,20,10.36,few clouds
234,Severobaykalsk,RU,55.65,109.3167,29.44,79,100,8.63,overcast clouds
235,Makakilo City,US,21.3469,-158.0858,82.4,51,90,11.5,overcast clouds
236,Zeya,RU,53.75,127.2667,38.01,68,100,4.03,overcast clouds
237,Verin,ES,41.9415,-7.4381,50.0,96,9,2.42,clear sky
238,Cayenne,GF,4.9333,-52.3333,82.4,78,75,10.36,broken clouds
239,Rangpur,BD,25.75,89.25,79.7,34,0,1.28,clear sky
240,Tabou,CI,4.423,-7.3528,79.41,81,100,3.42,overcast clouds
241,Xining,CN,36.6167,101.7667,39.49,76,0,2.89,clear sky
242,Coihaique,CL,-45.5752,-72.0662,57.2,58,40,8.05,scattered clouds
243,Nikolskoye,RU,59.7035,30.7861,39.0,93,90,6.71,overcast clouds
244,Itoman,JP,26.1247,127.6694,66.2,77,20,8.05,few clouds
245,Mao,ES,39.8885,4.2658,59.0,82,0,12.66,clear sky
246,Heihe,CN,50.2441,127.4902,41.0,45,40,6.71,scattered clouds
247,Palmer,US,42.1584,-72.3287,55.4,62,90,8.05,overcast clouds
248,Bronkhorstspruit,ZA,-25.8102,28.7425,61.0,47,0,3.44,clear sky
249,Talcahuano,CL,-36.7167,-73.1167,62.6,77,0,14.97,clear sky
250,Suchdol Nad Luznici,CZ,48.89,14.8772,34.0,75,96,1.01,overcast clouds
251,Finschhafen,PG,-6.6024,147.8681,78.31,84,100,5.93,moderate rain
252,Lasa,IT,46.6166,10.7002,55.4,61,0,3.44,clear sky
253,Petropavlovsk-Kamchatskiy,RU,53.0452,158.6483,35.6,100,90,8.95,light rain
254,Katsuura,JP,35.1333,140.3,50.0,46,20,20.71,few clouds
255,Almeirim,BR,-1.5233,-52.5817,81.16,80,29,3.76,scattered clouds
256,Necochea,AR,-38.5473,-58.7368,59.0,78,91,7.43,overcast clouds
257,Ust-Kulom,RU,61.6864,53.6902,39.27,92,100,5.03,overcast clouds
258,Ixtapa,MX,20.7,-105.2,82.4,69,75,14.97,broken clouds
259,San Patricio,US,28.017,-97.5169,87.8,42,1,14.97,clear sky
260,Nizhniy Kuranakh,RU,58.8353,125.4869,33.93,99,100,3.74,light snow
261,Sampit,ID,-2.5333,112.95,72.84,98,76,0.31,broken clouds
262,Adrar,MR,20.5022,-10.0711,87.49,16,35,9.42,scattered clouds
263,Sept-Iles,CA,50.2001,-66.3821,46.4,42,40,8.05,scattered clouds
264,Isla Mujeres,MX,21.2311,-86.731,87.8,58,40,10.36,scattered clouds
265,Sidney,AU,-33.8679,151.2073,55.99,88,20,6.91,few clouds
266,Labuhan,ID,-6.8844,112.2051,76.75,87,70,7.61,broken clouds
267,Marawi,PH,7.9986,124.2928,77.0,91,100,3.0,overcast clouds
268,Nouadhibou,MR,20.931,-17.0347,66.2,82,0,16.11,clear sky
269,Ayan,RU,56.45,138.1667,23.72,82,42,4.12,scattered clouds
270,Flinders,AU,-34.5833,150.8552,50.0,88,11,1.01,few clouds
271,San Policarpo,PH,12.1791,125.5072,77.7,82,100,9.62,overcast clouds
272,Palana,RU,59.1167,159.9667,24.53,91,100,3.49,overcast clouds
273,Kununurra,AU,-15.7667,128.7333,60.8,88,98,7.14,overcast clouds
274,Scottsbluff,US,41.8666,-103.6672,75.2,22,75,6.91,broken clouds
275,Hervey Bay,AU,-25.2986,152.8535,60.01,89,3,5.01,clear sky
276,Port Elizabeth,ZA,-33.918,25.5701,59.0,88,40,2.3,scattered clouds
277,Diebougou,BF,10.9667,-3.25,93.27,26,53,8.86,broken clouds
278,Coari,BR,-4.085,-63.1414,79.12,91,96,0.76,moderate rain
279,Kulhudhuffushi,MV,6.6221,73.07,83.64,72,13,5.79,few clouds
280,Honiara,SB,-9.4333,159.95,81.0,80,27,2.28,scattered clouds
281,Georgetown,MY,5.4112,100.3354,81.0,94,20,3.44,few clouds
282,Paamiut,GL,61.994,-49.6678,36.52,96,100,2.86,overcast clouds
283,Corinto,GR,37.9407,22.9573,53.01,65,1,1.01,clear sky
284,Lodja,CD,-3.4833,23.4333,69.6,97,98,1.7,overcast clouds
285,Chapais,CA,49.7834,-74.8492,44.6,93,90,5.75,mist
286,Mount Isa,AU,-20.7333,139.5,69.8,60,5,5.75,clear sky
287,Kibala,TD,9.1104,18.3463,82.4,61,0,10.36,clear sky
288,Tongliao,CN,43.6125,122.2653,49.46,28,100,8.1,overcast clouds
289,Esperance,AU,-33.8667,121.9,59.0,63,0,17.27,clear sky
290,Sunland Park,US,31.7965,-106.58,87.8,5,1,8.05,clear sky
291,The Valley,AI,18.217,-63.0578,84.2,69,40,14.97,scattered clouds
292,Itaituba,BR,-4.2761,-55.9836,91.4,62,40,8.05,light rain
293,Oistins,BB,13.0667,-59.5333,82.4,54,20,17.27,few clouds
294,Huilong,CN,31.8111,121.655,62.01,85,45,7.61,scattered clouds
295,General Roca,AR,-39.0333,-67.5833,69.8,49,0,11.5,clear sky
296,Sassandra,CI,4.95,-6.0833,78.35,82,100,2.59,overcast clouds
297,Ossora,RU,59.2353,163.0719,32.16,91,100,3.18,overcast clouds
298,Freeport,US,40.6576,-73.5832,60.8,62,90,11.5,overcast clouds
299,Beringovskiy,RU,63.05,179.3167,31.3,88,100,1.45,overcast clouds
300,Angermunde,DE,53.015,13.9992,36.0,53,21,1.01,few clouds
301,Lakatoro,VU,-16.0999,167.4164,81.27,78,99,2.73,overcast clouds
302,Tuktoyaktuk,CA,69.4541,-133.0374,12.2,85,90,10.36,light snow
303,Athens,GR,37.9795,23.7162,57.0,54,0,5.75,clear sky
304,Huzhou,CN,30.8703,120.0933,64.0,87,92,1.99,overcast clouds
305,Portland,US,45.5234,-122.6762,57.99,51,75,4.61,broken clouds
306,Verkhoyansk,RU,67.5447,133.385,23.95,94,99,3.2,overcast clouds
307,Taltal,CL,-25.4,-70.4833,65.05,75,51,4.59,broken clouds
308,San Vicente,AR,-26.6167,-54.1333,63.32,75,69,4.09,broken clouds
309,La Ronge,CA,55.1001,-105.2842,39.2,52,100,12.66,overcast clouds
310,Maragogi,BR,-9.0122,-35.2225,78.26,80,5,7.23,clear sky
311,Meulaboh,ID,4.1363,96.1285,76.53,86,77,4.38,broken clouds
312,Panique,PH,12.4797,122.0153,79.56,77,36,6.91,scattered clouds
313,Tilichiki,RU,60.4667,166.1,29.17,91,99,4.54,overcast clouds
314,Dudinka,RU,69.4058,86.1778,-3.6,100,100,2.82,overcast clouds
315,San Rafael,AR,-34.6177,-68.3301,66.43,45,5,9.6,clear sky
316,Ostersund,SE,63.1792,14.6357,32.0,59,85,8.05,overcast clouds
317,Kavieng,PG,-2.5744,150.7967,81.7,75,100,2.59,light rain
318,Novikovo,RU,51.1537,37.8879,39.45,78,60,4.79,light rain
319,Araouane,ML,18.9048,-3.5265,93.78,11,64,6.96,broken clouds
320,Tiksi,RU,71.6872,128.8694,25.41,96,100,0.07,light snow
321,Sidrolandia,BR,-20.9319,-54.9614,71.6,78,75,12.66,broken clouds
322,Chitungwiza,ZW,-18.0127,31.0756,61.0,70,49,3.0,scattered clouds
323,Andenes,NO,69.3143,16.1194,35.6,80,75,3.44,light intensity drizzle
324,Vestmanna,FO,62.1564,-7.1664,44.6,100,100,10.36,overcast clouds
325,Neryungri,RU,56.6709,124.6491,28.4,97,100,1.45,overcast clouds
326,Marseille,FR,43.3333,5.5,62.01,57,50,1.72,scattered clouds
327,Oudtshoorn,ZA,-33.5907,22.2014,66.2,77,40,3.44,scattered clouds
328,Nenagh,IE,52.8619,-8.1967,53.6,58,0,8.05,clear sky
329,Kolokani,ML,13.5728,-8.0339,92.91,19,46,1.21,scattered clouds
330,Northam,GB,51.0333,-4.2167,51.01,70,7,11.01,clear sky
331,Henties Bay,NA,-22.116,14.2845,62.01,90,23,5.01,few clouds
332,Suntar,RU,62.1444,117.6319,33.89,98,100,6.62,light snow
333,Norman Wells,CA,65.282,-126.8329,37.4,38,20,14.97,few clouds
334,Leiyang,CN,26.4024,112.8591,59.31,97,100,3.24,overcast clouds
335,Mahebourg,MU,-20.4081,57.7,75.2,94,75,12.66,light rain
336,Gigmoto,PH,13.7796,124.39,76.53,81,100,7.96,overcast clouds
337,Kemin,KG,42.7846,75.6892,49.91,83,98,4.52,overcast clouds
338,Saint-Philippe,RE,-21.3585,55.7679,78.8,69,20,23.02,light rain
339,Kuminskiy,RU,58.6667,66.5667,42.87,59,62,9.64,broken clouds
340,Puerto Escondido,MX,15.85,-97.0667,87.8,70,40,4.61,scattered clouds
341,Saint Anthony,US,45.0205,-93.218,43.0,60,90,11.5,light rain
342,Rio Gallegos,AR,-51.6226,-69.2181,68.0,28,40,18.41,scattered clouds
343,Syumsi,RU,57.1111,51.6149,38.08,76,78,13.49,light rain
344,Asau,RO,46.4333,26.4,45.0,45,18,5.66,few clouds
345,Jinchang,CN,38.4953,102.1739,42.04,25,9,7.09,clear sky
346,Iisalmi,FI,63.5592,27.1907,35.6,100,90,6.91,overcast clouds
347,Wattens,AT,47.2722,11.5993,51.8,50,20,5.75,few clouds
348,Dzerzhinskoye,RU,56.8344,95.2283,34.65,92,100,7.81,overcast clouds
349,Marsa Matruh,EG,31.3525,27.2453,64.4,82,40,9.22,scattered clouds
350,Titay,PH,7.8125,122.5344,74.64,88,44,2.3,scattered clouds
351,Spirit River,CA,55.7833,-118.8361,46.99,29,92,8.05,overcast clouds
352,Jiuquan,CN,39.7432,98.5174,41.32,15,100,12.59,overcast clouds
353,Bathsheba,BB,13.2167,-59.5167,82.4,54,20,17.27,few clouds
354,Filadelfia,US,39.9523,-75.1638,64.4,45,75,16.11,broken clouds
355,Paredon,MX,16.0333,-93.8667,87.89,62,99,12.08,overcast clouds
356,Te Anau,NZ,-45.4167,167.7167,45.03,93,100,8.79,overcast clouds
357,Waipawa,NZ,-41.4122,175.5153,54.0,76,40,3.44,scattered clouds
358,Samarai,PG,-10.6167,150.6667,82.94,77,96,12.26,overcast clouds
359,Sobolevo,RU,54.4299,31.8996,31.17,79,12,7.94,few clouds
360,Djenne,ML,13.9061,-4.5533,97.05,14,49,6.04,scattered clouds
361,Havoysund,NO,70.9963,24.6622,33.8,86,75,10.36,broken clouds
362,Monte Patria,CL,-30.6919,-70.9467,76.57,35,0,5.66,clear sky
363,Denpasar,ID,-8.65,115.2167,77.0,88,20,3.44,few clouds
364,Muli,MV,2.9167,73.5667,82.8,70,8,6.6,clear sky
365,Tsogni,GA,-2.7942,10.0988,77.63,88,70,3.06,light rain
366,Mathathane,BW,-22.2687,28.7495,70.23,23,0,6.17,clear sky
367,Murray,US,40.6669,-111.888,61.0,54,1,5.75,clear sky
368,Touros,BR,-5.1989,-35.4608,80.6,78,20,8.05,few clouds
369,Salekhard,RU,66.53,66.6019,33.49,95,100,7.25,overcast clouds
370,Kruisfontein,ZA,-34.0033,24.7314,72.55,37,100,7.27,overcast clouds
371,San Andres,CO,12.5847,-81.7006,86.0,66,20,12.66,few clouds
372,Polis,CY,35.0367,32.4264,60.8,67,0,3.44,clear sky
373,Samaipata,BO,-18.15,-63.8667,56.53,68,100,4.47,overcast clouds
374,Lerwick,GB,60.1545,-1.1494,42.8,87,20,4.61,few clouds
375,Kawalu,ID,-7.3817,108.2082,70.72,96,42,0.94,scattered clouds
376,Alghero,IT,40.5589,8.3181,55.4,88,0,2.3,clear sky
377,Aksu,CN,41.1231,80.2644,56.73,29,24,7.7,few clouds
378,Bowen,AU,-20.0167,148.2333,71.6,83,90,9.22,overcast clouds
379,Elko,US,41.0002,-115.5012,44.6,76,90,4.61,light rain
380,Sidi Ali,DZ,36.0998,0.4206,62.01,80,100,21.88,overcast clouds
381,Vestmannaeyjar,IS,63.4427,-20.2734,45.03,81,0,19.26,clear sky
382,Mangan,IN,27.5167,88.5333,63.57,58,45,8.16,scattered clouds
383,Ancud,CL,-41.8697,-73.8203,57.99,82,75,2.3,broken clouds
384,Borodyanka,UA,50.6448,29.9201,41.0,81,100,2.24,overcast clouds
385,Vyartsilya,RU,62.1764,30.693,41.14,89,47,9.33,light rain
386,College,US,64.8569,-147.8028,57.2,35,1,0.94,clear sky
387,Vostok,RU,46.4856,135.8833,27.14,52,10,3.98,clear sky
388,Aasiaat,GL,68.7098,-52.8699,36.59,73,80,2.77,broken clouds
389,Banovici,BA,44.4053,18.5242,50.0,62,0,1.14,clear sky
390,Diffa,NE,13.3154,12.6113,89.89,14,63,6.8,broken clouds
391,Puntarenas,CR,9.9763,-84.8384,84.2,51,40,12.66,scattered clouds
392,Gao,ML,16.6362,1.637,89.89,5,4,7.52,clear sky
393,Mogadishu,SO,2.0371,45.3438,83.07,75,98,12.1,overcast clouds
394,Primorsk,UA,46.7348,36.3443,45.73,53,100,4.97,overcast clouds
395,Faanui,PF,-16.4833,-151.75,81.05,64,4,2.89,clear sky
396,Beloha,MG,-25.1667,45.05,73.13,74,0,7.65,clear sky
397,Boddam,GB,57.4667,-1.7833,43.0,75,78,8.05,broken clouds
398,Skaudvile,LT,55.4167,22.6167,29.7,89,33,8.37,scattered clouds
399,Harper,LR,4.375,-7.7169,80.2,81,100,6.71,overcast clouds
400,Rumonge,BI,-3.9736,29.4386,70.47,87,100,3.83,moderate rain
401,Cabinda,AO,-5.55,12.2,79.09,85,15,5.48,few clouds
402,Simao,CN,22.7886,100.9748,66.2,72,72,1.99,broken clouds
403,Hay River,CA,60.8156,-115.7999,23.0,58,100,9.22,light snow
404,Port Hedland,AU,-20.3167,118.5667,62.6,88,0,8.05,clear sky
405,Bundaberg,AU,-24.85,152.35,60.8,88,0,6.91,clear sky
406,Souillac,MU,-20.5167,57.5167,75.2,94,75,12.66,light rain
407,Rauma,FI,61.1272,21.5113,33.8,86,90,14.97,light rain and snow
408,Sydney,AU,-33.8679,151.2073,55.99,88,20,6.91,few clouds
409,Carutapera,BR,-1.195,-46.02,78.24,89,37,5.46,scattered clouds
410,Cadiz,ES,36.5,-5.75,62.01,88,0,3.44,clear sky
411,Kondinskoye,RU,59.6481,67.41,43.68,61,98,13.67,overcast clouds
412,Borisoglebsk,RU,51.3671,42.0849,39.0,58,20,8.41,few clouds
413,Santa Rosa,PH,14.3122,121.1114,80.6,78,20,2.3,few clouds
414,Aklavik,CA,68.2191,-135.0107,19.4,73,100,6.91,overcast clouds
415,Anadyr,RU,64.75,177.4833,24.8,100,75,4.47,fog
416,Dukat,RU,62.55,155.55,9.3,89,100,2.26,overcast clouds
417,Paranaiba,BR,-19.6772,-51.1908,82.36,24,96,3.65,overcast clouds
418,Willmar,US,45.1219,-95.0433,39.99,81,40,27.63,scattered clouds
419,Faro,PT,37.0194,-7.9322,62.6,94,20,5.75,few clouds
420,Vanderhoof,CA,54.0166,-124.0198,51.71,24,0,5.68,clear sky
421,Saint-Joseph,RE,-21.3667,55.6167,78.8,69,20,23.02,light rain
422,Cap-Aux-Meules,CA,47.3821,-61.8597,42.8,75,50,13.8,scattered clouds
423,Yerbogachen,RU,61.2767,108.0108,29.16,91,100,7.25,overcast clouds
424,Itupiranga,BR,-5.1347,-49.3267,84.2,89,75,3.44,broken clouds
425,Hofn,IS,64.2539,-15.2082,43.03,88,100,12.93,overcast clouds
426,Fort Nelson,CA,58.8053,-122.7002,51.8,22,20,4.61,few clouds
427,Berlevag,NO,70.8578,29.0864,32.0,69,75,10.36,broken clouds
428,Cidreira,BR,-30.1811,-50.2056,68.4,72,78,13.0,broken clouds
429,Saldanha,ZA,-33.0117,17.9442,60.8,88,92,5.75,overcast clouds
430,Berga,NO,60.392,5.328,41.0,65,75,4.61,broken clouds
431,Kant,IN,27.8,79.8,80.92,13,0,7.9,clear sky
432,Vanimo,PG,-2.6741,141.3028,75.54,84,100,3.06,overcast clouds
433,Fraga,ES,41.5229,0.3489,60.01,51,0,16.11,clear sky
434,Dingle,PH,10.9995,122.6711,75.56,86,28,3.27,light rain
435,Kijang,KR,35.2442,129.2139,50.0,62,0,4.61,clear sky
436,Ambilobe,MG,-13.2,49.05,72.05,81,77,2.98,broken clouds
437,Uarini,BR,-2.99,-65.1083,78.8,89,75,2.26,light rain
438,Mahajanga,MG,-15.7167,46.3167,78.8,78,20,3.44,few clouds
439,Kiunga,PG,-6.1219,141.2906,72.1,96,100,1.7,heavy intensity rain
440,Williams Lake,CA,52.1415,-122.1445,46.4,29,40,6.91,scattered clouds
441,Zhezkazgan,KZ,47.8043,67.7144,51.33,60,93,5.35,overcast clouds
442,Otautau,NZ,-46.15,168.0,46.0,80,61,13.0,broken clouds
443,Agaro,ET,7.85,36.65,61.83,89,99,1.54,light rain
444,Matagami,CA,49.7502,-77.6328,21.2,86,90,23.02,light snow
445,Rajgarh,IN,28.6333,75.3833,78.73,11,0,2.42,clear sky
446,Saint-Augustin,CA,51.226,-58.6502,47.73,45,90,6.06,overcast clouds
447,Betanzos,ES,43.2804,-8.2147,57.2,100,40,2.3,scattered clouds
448,Dasoguz,TM,41.8363,59.9666,64.4,25,0,13.8,clear sky
449,Joao Pinheiro,BR,-17.7425,-46.1725,74.97,47,2,3.18,clear sky
450,Mount Gambier,AU,-37.8333,140.7667,51.8,93,90,8.05,overcast clouds
451,Presidencia Roque Saenz Pena,AR,-26.7852,-60.4388,71.01,58,0,3.0,clear sky
452,Bambanglipuro,ID,-7.95,110.2833,74.93,86,64,2.95,broken clouds
453,Kloulklubed,PW,7.0419,134.2556,78.8,89,90,9.22,overcast clouds
454,Codrington,AU,-38.2667,141.9667,54.45,81,100,4.43,overcast clouds
455,Makokou,GA,0.5738,12.8642,75.16,79,89,2.26,overcast clouds
456,Jasper,US,37.2001,-94.3502,75.99,33,1,21.85,clear sky
457,Chibombo,ZM,-14.6569,28.0706,62.65,72,25,5.28,scattered clouds
458,Konevo,RU,62.1215,39.3192,42.46,89,100,4.41,overcast clouds
459,Umba,RU,66.6871,34.3429,33.3,81,81,17.38,broken clouds
460,Brownwood,US,31.7093,-98.9912,84.2,30,1,12.66,clear sky
461,Labuan,MY,5.2767,115.2417,77.0,100,20,4.09,light rain
462,Putina,PE,-15.4667,-69.4333,49.46,47,36,1.39,scattered clouds
463,Rio Cuarto,AR,-33.1307,-64.3499,66.2,42,0,9.22,clear sky
464,Shakawe,BW,-18.3667,21.85,67.35,38,64,4.92,broken clouds
465,Launceston,AU,-41.45,147.1667,50.0,93,83,8.05,broken clouds
466,Alice Springs,AU,-23.7,133.8833,44.6,70,0,5.75,clear sky
467,Namibe,AO,-15.1961,12.1522,78.22,66,1,10.04,clear sky
468,Catia La Mar,VE,10.6038,-67.0303,86.0,70,56,4.61,broken clouds
469,Ulm,DE,48.3984,9.9916,44.6,49,20,9.22,few clouds
470,Louga,RU,58.7372,29.8453,35.37,92,100,7.52,overcast clouds
471,Asosa,ET,10.0667,34.5333,64.83,83,100,0.43,overcast clouds
472,Nurota,UZ,40.5614,65.6886,62.6,39,8,4.61,clear sky
473,Sola,VU,-13.8833,167.55,82.13,74,65,5.73,broken clouds
474,Mitsamiouli,KM,-11.3847,43.2844,80.87,76,98,9.01,overcast clouds
475,Avera,US,33.194,-82.5271,75.2,50,75,3.44,broken clouds
476,Rakai,UG,-0.72,31.4839,59.29,93,99,2.44,overcast clouds
477,Half Moon Bay,US,37.4636,-122.4286,57.0,93,90,14.97,overcast clouds
478,Vazante,BR,-17.9869,-46.9078,77.2,44,29,4.43,scattered clouds
479,Cabedelo,BR,-6.9811,-34.8339,78.8,89,0,9.22,clear sky
480,Khor,RU,47.8861,134.9464,33.08,37,32,6.02,scattered clouds
481,Giresun,TR,40.5,38.5,51.8,100,75,4.61,broken clouds
482,Issenye,TZ,-2.0,34.3333,62.96,96,100,3.09,light rain
483,Novoilinsk,RU,51.6829,108.7143,33.44,94,100,12.3,snow
484,Sarai Sidhu,PK,30.5949,71.9698,82.4,42,0,4.61,haze
485,Naze,JP,28.3667,129.4833,63.97,71,26,10.38,scattered clouds
486,Rundu,NA,-17.9333,19.7667,63.63,35,4,4.76,clear sky
487,Olafsvik,IS,64.8945,-23.7142,42.6,86,13,12.88,few clouds
488,Abonnema,NG,4.7084,6.7931,82.4,78,20,3.44,light rain
489,Ulladulla,AU,-35.35,150.4667,52.0,100,1,6.91,clear sky
490,Waingapu,ID,-9.6567,120.2641,75.51,79,62,8.25,broken clouds
491,Rio Grande,BR,-32.035,-52.0986,71.6,43,40,16.11,scattered clouds
492,Rosamorada,MX,22.1222,-105.2058,94.15,24,100,12.62,overcast clouds
493,San Jose,US,37.3394,-121.895,59.0,51,90,11.5,overcast clouds
494,Santiago,CL,-33.4569,-70.6483,77.0,20,0,6.91,clear sky
495,Sao Felix Do Xingu,BR,-6.6447,-51.995,76.1,93,20,3.42,few clouds
496,La Verne,US,34.1008,-117.7678,70.0,45,40,12.24,scattered clouds
497,Jackson,US,42.4165,-122.8345,51.01,62,40,14.97,scattered clouds
498,Lodwar,KE,3.1191,35.5973,84.51,52,100,6.51,light rain
499,Presidente Venceslau,BR,-21.8761,-51.8439,82.4,36,90,4.61,overcast clouds
500,Chongoyape,PE,-6.6406,-79.3892,75.2,60,0,24.16,clear sky
501,Idlib,SY,35.9306,36.6339,68.0,42,75,12.66,broken clouds
502,Syracuse,IT,37.0881,15.2792,60.01,77,40,6.91,scattered clouds
503,Chunskiy,RU,56.0815,99.6342,32.05,96,84,9.22,light snow
504,Karratha,AU,-20.7377,116.8463,75.47,59,0,7.83,clear sky
505,Afua,BR,-0.1567,-50.3867,77.92,93,90,4.81,moderate rain
506,Peace River,CA,56.2501,-117.286,46.4,27,75,12.66,broken clouds
507,Isangel,VU,-19.55,169.2667,76.64,86,100,13.15,overcast clouds
508,Finnsnes,NO,69.2296,17.9811,32.0,86,75,5.75,light snow
509,Goulburn,AU,-34.75,149.7167,39.0,95,0,2.91,clear sky
510,Sterling,US,39.0062,-77.4286,64.99,45,75,20.71,broken clouds
511,Hohhot,CN,40.8106,111.6522,46.4,93,20,2.24,mist
512,Hami,CN,42.8,93.45,40.24,20,84,5.95,broken clouds
513,Quilmana,PE,-12.95,-76.3833,72.54,73,39,5.28,scattered clouds
514,Benjamin Constant,BR,-4.3831,-70.0311,78.8,83,75,4.61,broken clouds
515,Kourou,GF,5.1552,-52.6478,82.4,78,75,10.36,broken clouds
516,Port Arthur,CN,38.8,121.2667,48.2,61,0,2.24,clear sky
517,Batemans Bay,AU,-35.7167,150.1833,48.99,91,8,3.89,clear sky
518,Cockburn Town,TC,21.4612,-71.1419,82.4,65,40,13.8,scattered clouds
519,Guayaramerin,BO,-10.8368,-65.3614,73.42,98,96,3.76,moderate rain
520,Tikrit,IQ,34.6071,43.6782,86.29,14,28,9.17,scattered clouds
521,Guiratinga,BR,-16.3494,-53.7583,73.44,64,100,7.16,overcast clouds
522,Saint-Louis,SN,16.3333,-15.0,81.46,29,19,15.79,few clouds
523,Gallup,US,35.5281,-108.7426,75.2,7,1,24.16,clear sky
524,Pedasi,PA,7.5333,-80.0333,84.76,63,45,8.7,scattered clouds
525,Doda,IN,33.1333,75.5667,60.15,54,4,5.35,clear sky
526,Sant Julia De Loria,AD,42.4625,1.4825,53.01,37,92,3.62,overcast clouds
527,Keti Bandar,PK,24.1447,67.4497,81.28,74,0,14.03,clear sky
528,Gorgan,IR,36.8387,54.4348,60.8,94,20,2.93,few clouds
529,Mujiayingzi,CN,42.1167,118.7833,48.09,50,100,6.78,overcast clouds
530,Burns Lake,CA,54.2331,-125.7533,48.2,21,13,3.44,few clouds
531,Petrovskaya,RU,45.4314,37.955,46.4,81,100,15.66,light rain
532,Elizabeth City,US,36.2946,-76.2511,64.99,55,75,12.66,broken clouds
533,Ust-Tsilma,RU,65.441,52.1498,41.43,85,100,7.9,overcast clouds
534,Kaeo,NZ,-35.1,173.7833,57.0,96,89,3.0,overcast clouds
535,Inuvik,CA,68.3499,-133.7218,19.4,73,100,6.91,overcast clouds
536,Bilibino,RU,68.0546,166.4372,19.31,90,98,3.27,overcast clouds
537,Tabasalu,EE,59.4303,24.5331,35.6,87,90,10.36,light snow
538,Katete,UG,-0.7818,29.7544,62.1,97,100,2.42,light rain
539,Arya,PK,33.6,73.0667,71.01,53,2,4.79,clear sky
540,Seguin,US,29.5688,-97.9647,89.01,33,1,10.36,clear sky
541,Rafaela,AR,-31.2503,-61.4867,61.07,58,0,6.2,clear sky
542,Provost,CA,52.3501,-110.2683,50.0,23,100,5.75,overcast clouds
543,Daru,PG,-9.0763,143.2092,74.89,95,100,7.99,light rain
544,Erzincan,TR,39.75,39.5,64.4,36,75,8.05,light rain
545,Quchan,IR,37.106,58.5095,61.43,37,10,7.38,clear sky
546,Langub,PH,10.7981,123.5372,79.5,78,60,4.18,broken clouds
547,Akureyri,IS,65.6835,-18.0878,37.4,93,90,14.97,overcast clouds
548,Lincoln,US,40.8,-96.667,75.2,31,1,18.41,clear sky
549,San Carlos De Bariloche,AR,-41.1456,-71.3082,64.0,36,0,5.75,clear sky
550,Mayor Pablo Lagerenza,PY,-19.9309,-60.7718,71.74,67,100,8.34,overcast clouds
551,Kyren,RU,51.6828,102.1408,29.3,91,87,2.73,light snow
552,Gamba,GA,-2.65,10.0,78.3,87,72,3.89,light rain
553,Carmo Do Rio Claro,BR,-20.9719,-46.1189,68.2,53,96,2.1,overcast clouds
554,Forssa,FI,60.8146,23.6215,32.0,90,100,4.0,light snow
555,Komsomolskiy,UZ,40.4272,71.7189,60.8,48,0,6.91,clear sky
556,Arinos,BR,-15.9169,-46.1056,81.77,46,70,3.42,broken clouds
557,Quatre Cocos,MU,-20.2078,57.7625,77.0,94,75,12.66,light rain
558,Souris,CA,49.6172,-100.2612,42.01,70,90,9.22,overcast clouds
559,Boguchany,RU,58.3814,97.4531,33.13,94,98,6.51,overcast clouds
560,Lillooet,CA,50.6856,-121.942,57.2,38,1,9.22,clear sky
561,Hambantota,LK,6.1241,81.1185,79.21,81,4,6.8,clear sky
562,Murgab,TM,37.4966,61.9714,69.8,46,75,6.91,broken clouds
563,Starovelichkovskaya,RU,45.4288,38.7326,46.99,100,100,1.99,moderate rain
564,Juneau,US,58.3019,-134.4197,57.2,30,20,10.36,few clouds
565,Shemonaikha,KZ,50.6328,81.9056,37.96,67,66,5.93,broken clouds
566,Manitouwadge,CA,49.1215,-85.8403,37.4,55,20,8.05,few clouds
567,Saurimo,AO,-9.6608,20.3916,65.3,88,72,3.29,broken clouds
568,Pacifica,US,37.6138,-122.4869,55.99,76,90,19.57,light rain
569,Kathmandu,NP,27.7167,85.3167,64.4,63,20,3.44,few clouds
570,Atar,MR,20.5169,-13.0499,83.64,15,0,6.17,clear sky
571,Pryozerne,UA,45.2698,36.3303,48.18,64,100,11.43,overcast clouds
572,Richards Bay,ZA,-28.783,32.0377,65.8,90,11,3.78,few clouds
573,Hirara,JP,24.8,125.2833,71.4,66,63,17.05,broken clouds
574,Luwuk,ID,-0.9516,122.7875,75.6,82,89,4.05,overcast clouds
575,Kirakira,SB,-10.4544,161.9205,81.46,80,36,3.09,scattered clouds
576,Utiel,ES,39.5667,-1.2,57.99,84,100,3.91,light rain
577,Sovetskiy,RU,61.3614,63.5842,44.58,55,100,13.24,overcast clouds
578,Dali,CN,25.7,100.1833,55.58,50,0,4.7,clear sky
579,Wajir,KE,1.7471,40.0573,84.24,53,98,17.31,overcast clouds
580,Cordoba,AR,-31.4135,-64.1811,71.01,42,20,5.75,few clouds
581,Guerrero Negro,MX,27.9769,-114.0611,67.71,55,99,15.7,overcast clouds
582,Arvika,SE,59.6553,12.5852,33.8,60,79,5.75,broken clouds
583,Tukums,LV,56.9669,23.1553,35.6,93,90,3.44,overcast clouds
584,Dharan,NP,26.8125,87.2835,75.2,22,34,7.25,scattered clouds
585,Lithakia,GR,37.7167,20.8333,57.99,82,20,5.75,few clouds
586,Mormugao,IN,15.4,73.8,79.77,73,84,9.55,broken clouds
587,Tonj,SS,7.2737,28.6822,76.55,71,100,5.97,overcast clouds
588,Partyzany,UA,46.3314,34.7503,45.55,57,100,2.06,overcast clouds
589,Kupang,ID,-10.1667,123.5833,73.6,73,73,7.05,broken clouds
590,Sakaiminato,JP,35.55,133.2333,51.8,46,20,14.97,few clouds
591,Pinega,RU,64.7001,43.3936,41.02,89,100,5.75,overcast clouds
592,Zhicheng,CN,30.2956,111.5047,55.99,90,100,2.95,light rain
593,Santa Ines,BR,-3.6667,-45.38,77.09,91,37,2.77,scattered clouds
594,Aksarka,RU,66.5606,67.7975,33.66,98,100,10.83,overcast clouds
595,Omboue,GA,-1.5746,9.2618,79.57,86,1,5.14,clear sky
596,Neuquen,AR,-38.9516,-68.0591,69.8,49,0,11.5,clear sky
597,Cesenatico,IT,44.1999,12.3991,60.01,82,0,5.75,clear sky
598,Omsukchan,RU,62.5333,155.8,10.72,88,100,1.61,overcast clouds
599,Saint Cloud,US,45.5608,-94.1625,42.8,42,90,11.5,overcast clouds
600,Tygda,RU,53.1167,126.3333,39.78,52,100,0.36,overcast clouds
601,Boyolangu,ID,-8.1181,111.8935,75.22,89,91,1.7,overcast clouds
602,Bulgan,MN,48.8125,103.5347,29.82,75,100,14.65,overcast clouds
603,Alanya,TR,36.5438,31.9998,60.8,88,0,5.75,clear sky
604,Savelugu,GH,9.6244,-0.8253,90.77,43,35,9.01,scattered clouds
605,Ukiah,US,39.1502,-123.2078,55.4,62,75,9.22,broken clouds
606,Plettenberg Bay,ZA,-34.0527,23.3716,65.73,72,100,4.79,overcast clouds
607,Huallanca,PE,-9.8993,-76.9417,55.78,65,93,1.5,overcast clouds
608,Kamenka,RU,51.3223,42.7678,39.0,58,8,8.86,clear sky
609,Bonavista,CA,48.6499,-53.1147,53.6,47,61,13.8,broken clouds
610,Bebedouro,BR,-20.9494,-48.4792,74.08,35,18,2.19,few clouds
611,Alofi,NU,-19.0595,-169.9187,82.4,78,40,3.44,scattered clouds
612,Asyut,EG,27.181,31.1837,86.0,28,0,14.97,clear sky
613,Fonte Boa,BR,-2.4959,-66.2662,81.72,84,99,2.71,overcast clouds
614,Kotelnich,RU,58.3089,48.348,34.56,96,100,11.41,snow
615,Baghdad,IQ,33.3406,44.4009,87.8,20,0,8.05,clear sky
616,Dongsheng,CN,39.8161,109.9776,42.6,87,0,9.31,clear sky
617,Teahupoo,PF,-17.8333,-149.2667,86.0,66,40,8.05,scattered clouds
618,Manicore,BR,-5.8092,-61.3003,82.4,89,0,4.61,clear sky
619,Nevsehir,TR,38.9167,34.6667,59.0,55,75,5.75,broken clouds
620,Carballo,ES,43.213,-8.691,57.0,95,100,2.04,light rain
621,Saint Pete Beach,US,27.7253,-82.7412,81.0,78,10,12.59,clear sky
622,Magadan,RU,59.5667,150.8,18.68,67,34,5.7,scattered clouds
623,Gizo,SB,-8.103,156.8419,83.01,72,17,3.56,few clouds
624,Vao,NC,-22.6667,167.4833,74.19,70,68,13.51,broken clouds
625,Tupaciguara,BR,-18.5922,-48.705,80.6,39,20,11.5,few clouds
626,Ust-Kuyga,RU,70.0167,135.6,26.76,98,100,5.01,overcast clouds
627,Barra Do Garcas,BR,-15.89,-52.2567,86.0,45,0,3.94,clear sky
628,Ulaangom,MN,49.9811,92.0667,25.75,44,2,8.43,clear sky
629,Talnakh,RU,69.4865,88.3972,-2.42,94,87,2.89,overcast clouds
630,Teknaf,BD,20.8624,92.3058,78.19,85,2,1.57,clear sky
631,Yakovlevka,RU,44.425,133.4772,32.36,44,2,3.65,clear sky
632,Hammerfest,NO,70.6634,23.6821,33.8,86,75,10.36,light snow
633,Yining,CN,29.0361,114.5636,59.5,96,100,1.79,light rain
634,Ketchikan,US,55.3422,-131.6461,59.0,33,1,10.36,clear sky
635,Irbit,RU,57.6705,63.071,43.0,76,68,7.78,broken clouds
636,Calvinia,ZA,-31.4707,19.776,64.65,41,100,3.29,overcast clouds
637,Ikungi,TZ,-5.1333,34.7667,60.64,97,58,5.86,light rain
638,Mackay,AU,-21.15,149.2,69.8,78,90,10.36,overcast clouds
639,Bhola,BD,22.6833,90.65,81.9,62,3,5.48,clear sky
640,Ruwi,OM,23.5996,58.5507,84.2,65,0,2.3,clear sky
641,Ust-Maya,RU,60.4167,134.5333,27.39,96,100,2.66,overcast clouds
642,Poum,NC,-20.2333,164.0167,77.11,77,89,19.15,overcast clouds
643,Stonewall,CA,50.1344,-97.3268,50.0,29,90,11.5,overcast clouds
644,Kisangani,CD,0.5167,25.2,70.12,97,90,2.39,overcast clouds
645,Corbelia,BR,-24.7989,-53.3067,70.0,62,79,5.01,broken clouds
646,Oussouye,SN,12.485,-16.5469,78.8,69,0,9.22,clear sky
647,Drahovo,UA,48.2357,23.5491,41.0,89,69,1.01,broken clouds
648,Itarema,BR,-2.9248,-39.9167,79.56,74,11,10.69,few clouds
649,Tairua,NZ,-37.0167,175.85,61.0,79,100,10.0,overcast clouds
650,Ozernovskiy,RU,51.5,156.5167,31.6,97,100,11.3,snow
651,Sarh,TD,9.1429,18.3923,82.4,61,0,10.16,clear sky
652,Batsfjord,NO,70.6345,29.7185,32.0,68,0,4.61,clear sky
653,Wageningen,NL,51.9667,5.6667,44.01,75,23,11.5,few clouds
654,Moba,CN,33.2288,105.0179,40.21,88,57,1.57,broken clouds
655,Yumen,CN,40.2833,97.2,36.48,16,77,9.55,broken clouds
656,Sakakah,SA,29.9697,40.2064,86.0,16,75,16.11,broken clouds
657,Pizarro,CO,4.9533,-77.366,82.0,78,86,7.05,light rain
658,Miri,MY,4.4148,114.0089,77.0,94,20,3.44,few clouds
659,Ust-Omchug,RU,61.15,149.6333,1.8,92,57,0.43,broken clouds
660,Usinsk,RU,65.9939,57.5281,38.91,88,100,7.81,overcast clouds
661,Gallatin,US,45.6666,-111.2008,48.2,66,90,3.44,overcast clouds
662,Broken Hill,AU,-31.95,141.4333,51.8,71,0,6.51,clear sky
663,Piacabucu,BR,-10.4056,-36.4344,78.15,82,9,6.55,clear sky
664,Angoche,MZ,-16.2325,39.9086,76.21,85,95,2.59,light rain
665,Goundam,ML,16.4145,-3.6708,89.98,9,29,1.28,scattered clouds
666,Tuatapere,NZ,-46.1333,167.6833,46.0,80,85,13.0,overcast clouds
667,San Quintin,MX,30.4833,-115.95,64.11,63,42,18.01,scattered clouds
668,Margate,GB,51.3813,1.3862,46.0,65,30,5.99,scattered clouds
669,Kem,RU,64.9555,34.5793,35.56,88,100,17.96,overcast clouds
670,Waldshut-Tiengen,DE,47.6232,8.2172,55.4,41,0,9.22,clear sky
671,Marsh Harbour,BS,26.5412,-77.0636,80.19,72,0,14.72,clear sky
672,Okitipupa,NG,6.5047,4.7839,77.77,90,86,2.57,overcast clouds
673,Kungurtug,RU,50.5994,97.5228,21.54,90,100,3.98,overcast clouds
674,Sambava,MG,-14.2667,50.1667,73.49,88,92,8.08,light rain
675,Trelew,AR,-43.249,-65.3051,67.64,36,82,17.65,broken clouds
676,Krasnyy Chikoy,RU,50.3643,108.7512,33.44,95,100,8.84,snow
677,Winton,US,37.3894,-120.6133,66.2,42,90,9.22,overcast clouds
678,Kapenguria,KE,1.2511,35.0895,58.44,93,100,3.04,moderate rain
679,Awbari,LY,26.5921,12.7805,77.25,25,0,10.65,clear sky
680,Brae,GB,60.3964,-1.353,42.8,87,20,4.61,few clouds
681,Pucallpa,PE,-8.3791,-74.5539,89.6,62,40,8.05,scattered clouds
682,Pokosnoye,RU,55.5258,101.0536,28.27,93,26,9.55,scattered clouds
683,Whitehorse,CA,60.7161,-135.0538,54.0,27,1,4.61,clear sky
684,Cap Malheureux,MU,-19.9842,57.6142,77.0,83,100,7.0,overcast clouds
685,Dourbali,TD,11.8091,15.8632,89.6,26,100,2.26,overcast clouds
686,Kenai,US,60.5544,-151.2583,53.6,37,1,6.91,clear sky
687,Shitanjing,CN,39.2342,106.3439,40.86,45,17,11.05,few clouds
688,Umm Bab,QA,25.2142,50.8072,82.0,69,1,5.75,mist
689,Balikpapan,ID,-1.2675,116.8289,74.82,89,85,2.89,moderate rain
690,Naberera,TZ,-4.2,36.9333,62.6,94,95,8.08,overcast clouds
691,Caramay,PH,10.1815,119.236,76.23,88,96,3.44,overcast clouds
692,Oranjestad,AW,12.524,-70.027,84.2,65,20,23.02,few clouds
693,Setermoen,NO,68.861,18.3486,32.0,86,75,5.75,broken clouds
